Firstname,Lastname,Email,Phone,Address1,Address2,Address3,City,State,Zip,Country(Non Us),,drgordon@gordondental.com,,,,,,,,,,drpaul@floridadentist.com,,,,,,,,,,emfdsign@tampabay.rr.com,,,,,,,,,,info@bluthfamilydental.com,,,,,,,,,,info@millhopperfamilydentistry.com,,,,,,,,,,info@palmbeachdentist.com,,,,,,,,,,jamescherry@oralternatives.com,,,,,,,,,,information@regencydental.com,,,,,,,,,,jederdds@msn.com,,,,,,,,,,jrgdmd@bellsouth.net,,,,,,,,,,MarkusS@riverdaledental.com,,,,,,,,,,markwilliams@smileartists.com,,,,,,,,,,scheduling@millhopperfamilydentistry.com,,,,,,,,,,smile@gatordental.com,,,,,,,,,,sross@stuartross.com,,,,,,,,,,aburge@burgedds.com,,,,,,,,,,adupont@hawaiifamilydental.com,,,,,,,,,,appointments@dentistrydifference.com,,,,,,,,,,biodoidds@aol.com,,,,,,,,,,christyb@cowetadentistry.com,,,,,,,,,,contact@arlingtondentists.com,,,,,,,,,,david@caredental.com,,,,,,,,,,debbie@breesedentalcare.com,,,,,,,,,,dr.cook@cookdds.com,,,,,,,,,,drbill@suwaneedental.com,,,,,,,,,,drbillwilliams@suwaneedental.com,,,,,,,,,,drbob@drblackwell.com,,,,,,,,,,drbridgett@hitechteeth.com,,,,,,,,,,drcouch@couchcomfortdental.com,,,,,,,,,,drclemans@attractivesmiles.com,,,,,,,,,,dredgar@implantdentistchicago.com,,,,,,,,,,drhayward@suwaneedental.com,,,,,,,,,,drfiss@gmail.com,,,,,,,,,,drpapendick@waukeganfamilydental.com,,,,,,,,,,drs@shonbergdds.com,,,,,,,,,,drsmith@suwaneedental.com,,,,,,,,,,drweitz@bearabledentistry.com,,,,,,,,,,ebsmithdds@simplysmile.com,,,,,,,,,,harold@lpdental.com,,,,,,,,,,hutson@hutsondr.com,,,,,,,,,,info@chicagodent.com,,,,,,,,,,info@carterorthodontics.com,,,,,,,,,,info@clinebellortho.com,,,,,,,,,,info@cosmeticdentalcare.com,,,,,,,,,,info@familydentalhc.com,,,,,,,,,,info@gentlecaredentist.com,,,,,,,,,,info@johnsondentalcenter.com,,,,,,,,,,info@libertyvilledental.com,,,,,,,,,,info@lifelongsmiles.com,,,,,,,,,,info@manchestersmiles.com,,,,,,,,,,info@smilespringfield.com,,,,,,,,,,info@willowtreedental.com,,,,,,,,